post_id,comment,label
0,stone orange orange stone green paper paper river apple cloud cloud paper id0,0
0,stone apple table paper river paper apple table paper cloud cloud cloud id1,1
0,orange cloud stone table table green green green green stone paper paper id2,2
0,orange green cloud stone table river paper river paper green apple apple id3,3
1,table apple river green stone table paper stone paper orange table green id4,0
1,cloud table table river stone apple apple river stone orange stone river id5,1
1,orange cloud table apple green paper orange river green cloud stone stone id6,2
1,river green stone paper orange orange apple orange table apple river green id7,3
2,orange green green paper orange cloud orange green apple apple orange table id8,0
2,green cloud river river table paper table table green stone table green id9,1
2,table green table orange green orange stone river green table cloud river id10,2
2,apple table paper apple table stone stone river apple orange apple cloud id11,3
3,table paper apple orange green river paper paper table stone green stone id12,0
3,stone green cloud river green river paper stone river green apple river id13,1
3,table stone stone orange green green apple table stone table river river id14,2
3,orange apple stone stone green table paper green table cloud table paper id15,3
4,apple apple orange cloud paper apple stone apple table stone apple orange id16,0
4,orange table apple green table paper orange cloud apple green cloud orange id17,1
4,paper cloud stone green green paper paper stone stone river table stone id18,2
4,cloud apple green paper orange paper orange river paper table paper paper id19,3
5,stone apple paper orange table paper stone green apple orange river river id20,0
5,river river stone cloud apple river table cloud cloud stone paper green id21,1
5,stone cloud river cloud apple stone river table river stone river green id22,2
5,stone green stone stone paper orange green green paper table stone stone id23,3
6,cloud table orange stone apple apple river table river green green stone id24,0
6,orange cloud paper paper orange orange cloud orange river orange stone stone id25,1
6,cloud cloud green table orange river river apple table river cloud stone id26,2
6,paper paper green apple orange green stone table river green table orange id27,3
7,table cloud river stone paper table river orange table orange apple river id28,0
7,orange apple orange table apple paper orange paper stone orange paper apple id29,1
7,stone stone orange paper orange stone stone green paper stone cloud apple id30,2
7,river apple table apple cloud cloud orange river stone river stone green id31,3
8,river apple cloud green apple river apple orange apple apple table cloud id32,0
8,green stone paper green orange paper table orange river green river river id33,1
8,paper green table apple river paper table stone stone paper apple apple id34,2
8,green cloud paper cloud river apple cloud orange river paper cloud cloud id35,3
9,orange paper table paper cloud river paper paper paper stone table river id36,0
9,green green table orange cloud green paper apple table orange apple orange id37,1
9,stone paper orange paper cloud cloud apple orange cloud paper table stone id38,2
9,river river cloud apple table orange orange river river green orange stone id39,3
10,stone table river cloud stone table stone orange green apple green table id40,0
10,paper river river orange orange paper green table cloud cloud orange green id41,1
10,cloud river orange river river cloud paper table green apple cloud paper id42,2
10,paper green stone cloud river apple river paper stone river green river id43,3
11,paper river orange apple orange stone orange cloud paper cloud paper paper id44,0
11,table green paper river apple table river stone paper table cloud orange id45,1
11,table apple orange orange apple paper green paper paper orange cloud cloud id46,2
11,orange apple river green stone paper paper river cloud cloud orange green id47,3
12,river orange orange stone green river stone river apple paper table orange id48,0
12,river orange table stone orange stone paper paper apple paper green table id49,1
12,cloud orange river river paper paper green paper cloud orange river table id50,2
12,river table cloud table table apple cloud paper table green apple table id51,3
13,stone green apple orange paper table apple paper cloud stone cloud table id52,0
13,paper river apple paper stone stone river river cloud orange stone paper id53,1
13,cloud stone cloud apple table apple orange stone apple apple river river id54,2
13,green green stone table stone paper paper river table stone paper river id55,3
14,paper paper river apple cloud table river apple apple cloud table cloud id56,0
14,table orange river table orange apple stone stone cloud stone cloud stone id57,1
14,orange river apple table orange river green apple table apple stone green id58,2
14,paper apple river river green paper green table stone river river orange id59,3
15,paper cloud cloud green paper cloud paper green orange orange table green id60,0
15,stone table stone paper river paper table river cloud river cloud apple id61,1
15,green stone stone stone river river orange stone paper river orange green id62,2
15,table table green stone paper apple paper cloud cloud green stone apple id63,3
16,green river stone table paper stone apple paper paper paper stone paper id64,0
16,paper orange cloud paper orange orange stone orange cloud cloud cloud river id65,1
16,apple paper paper river table stone paper green stone cloud paper stone id66,2
16,green river cloud green cloud apple river stone table green table paper id67,3
17,apple cloud green paper table orange paper orange paper stone river table id68,0
17,river table apple orange river paper orange cloud table orange table river id69,1
17,apple green green paper river apple orange orange paper apple orange stone id70,2
17,paper table table table apple orange green green stone orange stone apple id71,3
18,stone green table green apple stone orange apple stone table apple orange id72,0
18,apple green paper apple paper green cloud river apple river cloud stone id73,1
18,green river orange table paper paper stone orange apple green table paper id74,2
18,river table paper green apple paper cloud orange orange orange table table id75,3
19,apple green cloud table river orange stone table table table apple paper id76,0
19,stone green apple cloud river paper paper table table paper apple paper id77,1
19,stone table paper orange stone apple orange table paper paper cloud green id78,2
19,table green paper orange paper orange cloud green table table apple river id79,3
20,cloud cloud orange cloud river table green stone green cloud cloud table id80,0
20,stone cloud river green paper stone cloud stone paper table cloud cloud id81,1
20,cloud stone cloud table stone orange river apple river paper river cloud id82,2
20,green table apple river stone table cloud paper table paper river table id83,3
21,paper paper orange table paper cloud orange green cloud river green cloud id84,0
21,green orange paper paper green apple river orange green paper table table id85,1
21,river apple river orange green river cloud orange table table cloud orange id86,2
21,stone cloud cloud table river green stone orange river river apple stone id87,3
22,cloud cloud paper cloud river cloud table apple orange table stone paper id88,0
22,table orange paper river river river apple cloud paper paper table table id89,1
22,paper stone cloud orange green green paper paper table paper apple cloud id90,2
22,river cloud stone table apple table apple river table table river orange id91,3
23,table river paper river cloud river stone cloud paper stone river apple id92,0
23,apple river table river stone table paper apple river table river river id93,1
23,apple cloud paper paper green river table green river table paper table id94,2
23,table paper orange river green stone river stone green orange cloud apple id95,3
24,apple orange stone green cloud paper stone river apple stone apple stone id96,0
24,river apple cloud cloud cloud apple paper paper orange stone stone stone id97,1
24,table green paper orange paper orange table green river stone stone green id98,2
24,paper cloud table green cloud apple table orange cloud orange green table id99,3
25,orange paper stone paper apple cloud green apple table river green river id100,0
25,cloud cloud stone table green stone apple cloud table stone orange orange id101,1
25,table paper river table cloud apple apple paper stone river apple river id102,2
25,apple paper apple orange paper river river cloud paper stone paper cloud id103,3
26,orange orange table river cloud paper green apple stone green cloud apple id104,0
26,green green river paper green apple river cloud orange paper paper green id105,1
26,stone cloud green orange cloud table orange paper stone cloud orange paper id106,2
26,stone orange river orange river table table orange river orange river table id107,3
27,apple apple cloud stone green orange river river stone orange table cloud id108,0
27,paper table apple paper table table table cloud green cloud green apple id109,1
27,paper river green cloud river river orange apple paper table table river id110,2
27,cloud orange stone stone green cloud apple green green green green apple id111,3
28,table apple paper stone paper table paper paper cloud apple paper green id112,0
28,table paper stone paper apple apple table green river cloud green paper id113,1
28,paper apple table cloud cloud paper table table stone table paper stone id114,2
28,stone cloud table apple orange table apple river river apple apple green id115,3
29,river stone green green green orange paper cloud green green orange paper id116,0
29,paper green apple paper stone green table river table green paper table id117,1
29,river river green green stone paper green river paper green paper orange id118,2
29,cloud table table cloud paper cloud orange green table orange river green id119,3
30,river apple paper paper orange stone green apple table river orange river id120,0
30,green paper river stone orange apple green cloud orange river table table id121,1
30,table stone stone apple paper river river table stone green green orange id122,2
30,table table orange river stone cloud green stone paper paper paper apple id123,3
31,table paper cloud cloud stone paper cloud apple table paper green river id124,0
31,table table green orange river green table river table river river cloud id125,1
31,stone apple paper river stone river green table river cloud table green id126,2
31,orange cloud table apple cloud cloud paper paper paper cloud river table id127,3
32,table paper paper table river stone green stone table cloud apple orange id128,0
32,table cloud table river stone table cloud green paper stone orange river id129,1
32,table orange paper table paper river cloud stone river orange river river id130,2
32,river stone stone apple orange apple paper cloud apple stone stone apple id131,3
33,table stone cloud green paper apple table green stone table paper green id132,0
33,table orange paper orange green stone green river stone paper cloud table id133,1
33,orange paper orange stone apple stone table cloud river table cloud stone id134,2
33,table stone orange cloud table stone orange table orange cloud river paper id135,3
34,apple table table table river table apple table orange river river apple id136,0
34,paper paper apple green table orange cloud paper green river green river id137,1
34,green cloud table cloud green paper orange cloud table cloud cloud orange id138,2
34,paper river cloud apple stone orange river paper cloud cloud table orange id139,3
35,orange apple orange table stone green stone cloud orange cloud paper green id140,0
35,paper green paper river river orange river apple green stone cloud river id141,1
35,orange cloud paper river river stone green cloud table green apple stone id142,2
35,table stone paper apple paper green stone green cloud orange cloud cloud id143,3
36,green cloud stone apple table apple orange green river apple orange river id144,0
36,paper cloud green apple green apple river stone stone table stone river id145,1
36,green orange stone apple green river table stone orange stone river orange id146,2
36,stone apple paper cloud table apple paper river stone apple apple river id147,3
37,orange orange river apple cloud river orange stone table cloud green cloud id148,0
37,river apple orange paper green orange apple green orange green apple apple id149,1
37,stone cloud river green orange stone orange paper stone orange green green id150,2
37,river apple apple stone cloud apple river river table orange paper paper id151,3
38,stone paper cloud table orange river orange apple river paper cloud stone id152,0
38,paper river stone paper stone table stone cloud cloud green cloud apple id153,1
38,orange table paper river river orange orange green green paper stone stone id154,2
38,stone cloud paper cloud paper stone table green apple apple river apple id155,3
39,table stone orange green orange apple orange green apple green orange table id156,0
39,stone stone cloud stone river apple orange river cloud table orange paper id157,1
39,stone green stone orange paper green apple river table paper table apple id158,2
39,table orange stone river cloud table table stone table green cloud apple id159,3
40,table table river orange cloud apple green cloud orange apple paper green id160,0
40,orange table stone green stone cloud paper orange stone river green stone id161,1
40,river stone stone table orange table orange paper orange cloud green paper id162,2
40,green cloud paper orange orange cloud green green river stone green apple id163,3
41,cloud paper orange green table table stone cloud paper apple green cloud id164,0
41,table green apple apple green orange apple stone table stone river stone id165,1
41,orange paper paper river river stone table river orange paper cloud stone id166,2
41,apple green table green green river apple green stone cloud green river id167,3
42,cloud river apple paper stone stone orange river stone apple cloud cloud id168,0
42,orange river stone river paper green cloud table apple table orange river id169,1
42,stone orange cloud cloud paper table stone table orange stone stone river id170,2
42,table orange table cloud green stone table table paper green cloud stone id171,3
43,green orange paper apple paper river apple stone cloud apple orange cloud id172,0
43,table stone green apple orange river cloud river stone apple green table id173,1
43,green green apple cloud green apple paper paper green paper table green id174,2
43,table river river green apple orange cloud table stone paper table table id175,3
44,paper green orange apple orange green river paper green orange paper cloud id176,0
44,paper stone green orange paper table paper table stone paper green river id177,1
44,paper orange green orange stone green table paper orange table river table id178,2
44,stone cloud stone stone paper cloud paper orange stone table green stone id179,3
45,stone stone apple apple apple stone table green table apple stone table id180,0
45,cloud apple apple green paper river green cloud orange cloud stone green id181,1
45,river paper orange stone stone cloud orange green table apple paper cloud id182,2
45,apple stone table apple table paper orange orange cloud cloud cloud paper id183,3
46,paper cloud cloud stone stone apple cloud apple cloud paper green table id184,0
46,river river paper green apple cloud orange green orange orange apple paper id185,1
46,green apple stone green river stone apple table apple paper paper apple id186,2
46,cloud paper cloud green green stone orange paper apple paper table apple id187,3
47,apple orange stone river cloud cloud stone cloud orange green table orange id188,0
47,river stone stone apple table river table cloud paper paper cloud green id189,1
47,table green stone paper apple orange paper cloud orange apple apple table id190,2
47,table stone paper green green apple river table table table green green id191,3
48,table green apple stone green cloud table table cloud green stone stone id192,0
48,river orange paper table orange paper apple table apple stone green cloud id193,1
48,apple river cloud paper stone cloud cloud paper apple green green green id194,2
48,paper apple cloud paper cloud apple table stone paper stone cloud cloud id195,3
49,river river cloud stone orange table table apple table table paper river id196,0
49,paper table apple orange green stone green paper river river orange table id197,1
49,paper table paper stone stone apple stone green cloud stone river table id198,2
49,paper cloud stone green green cloud river stone apple apple apple river id199,3
50,orange apple river orange apple cloud paper stone table stone stone stone id200,0
50,river cloud orange apple cloud table stone stone cloud paper green apple id201,1
50,table orange orange stone orange stone table orange green paper stone paper id202,2
50,stone cloud stone apple cloud orange green river orange table paper stone id203,3
51,river green apple green paper stone paper cloud table stone paper stone id204,0
51,river cloud paper cloud paper river apple stone cloud river cloud apple id205,1
51,paper stone apple green cloud orange orange orange apple apple stone apple id206,2
51,green table table apple river green apple orange paper orange paper green id207,3
52,orange apple green river river stone paper apple stone green green apple id208,0
52,stone stone paper river green table table green orange orange river stone id209,1
52,table orange paper cloud paper apple cloud orange paper stone table apple id210,2
52,table paper apple river table table table green green green table stone id211,3
53,table orange orange table orange orange table table green table paper cloud id212,0
53,apple table stone cloud cloud river stone river table table green cloud id213,1
53,paper paper table paper apple cloud stone green river stone stone cloud id214,2
53,river green green table orange orange paper stone paper river apple stone id215,3
54,paper orange cloud paper apple orange table paper orange cloud paper orange id216,0
54,cloud cloud table green cloud orange green river orange apple stone paper id217,1
54,apple paper cloud orange river cloud apple orange green apple cloud orange id218,2
54,paper green river green river table table river paper orange apple table id219,3
55,apple orange table cloud river apple river green orange green river stone id220,0
55,orange stone apple apple apple paper cloud cloud green orange table table id221,1
55,table cloud table table cloud green orange orange apple orange cloud orange id222,2
55,stone table apple orange cloud cloud green green apple table table green id223,3
56,orange apple apple table paper river apple table cloud apple stone orange id224,0
56,paper stone orange cloud apple apple cloud green orange river cloud stone id225,1
56,cloud apple river cloud table table apple apple river cloud stone cloud id226,2
56,cloud orange cloud stone table cloud paper paper orange river cloud green id227,3
57,cloud table cloud cloud table paper cloud orange stone river stone cloud id228,0
57,apple paper apple stone river green river paper orange stone paper orange id229,1
57,stone orange river river orange cloud paper green apple stone stone cloud id230,2
57,cloud table paper apple river orange table table stone paper apple river id231,3
58,cloud orange table orange river table cloud river river table orange orange id232,0
58,paper river green apple river table orange river river paper green paper id233,1
58,apple stone paper paper apple orange green river stone paper paper orange id234,2
58,river orange table orange green paper green cloud orange orange cloud green id235,3
59,orange cloud river cloud paper river table table paper cloud stone table id236,0
59,table paper table orange cloud orange green stone table river river green id237,1
59,green apple apple table apple stone paper apple paper paper orange paper id238,2
59,orange green orange paper green table green cloud table green orange river id239,3
60,table cloud river cloud cloud stone table cloud table river stone stone id240,0
60,table river apple stone paper paper green orange paper table paper river id241,1
60,table apple paper apple green cloud stone table river stone green green id242,2
60,orange stone apple orange table river stone green stone river orange apple id243,3
61,stone stone stone cloud orange river paper apple orange orange cloud table id244,0
61,table apple apple orange orange cloud table paper orange table paper green id245,1
61,apple table river orange apple stone green paper table apple table table id246,2
61,table river river apple table river orange river table stone green orange id247,3
62,orange paper apple orange river cloud stone table green table apple cloud id248,0
62,river table apple paper green apple stone cloud cloud table green orange id249,1
62,green orange cloud orange paper apple apple river cloud cloud paper cloud id250,2
62,stone paper stone stone apple orange paper apple river cloud river paper id251,3
63,river stone cloud green table cloud paper cloud stone orange cloud paper id252,0
63,cloud cloud stone river stone apple apple river green paper paper green id253,1
63,orange stone stone apple green cloud river paper green orange green apple id254,2
63,paper table river orange cloud orange green table apple river paper stone id255,3
64,green table river orange orange green cloud apple stone river orange apple id256,0
64,orange river orange river table table green cloud cloud cloud orange paper id257,1
64,cloud apple river apple orange paper river green table table stone cloud id258,2
64,green green stone river stone paper table paper orange cloud paper apple id259,3
65,river stone paper cloud stone orange river paper stone paper green paper id260,0
65,paper table paper paper apple table stone cloud green table green cloud id261,1
65,orange paper orange paper cloud river green river orange table orange table id262,2
65,green stone orange stone river stone river orange apple orange stone cloud id263,3
66,river cloud apple apple table paper table cloud river apple table cloud id264,0
66,table cloud green orange apple apple cloud river apple stone apple paper id265,1
66,apple orange table green green river apple stone orange paper green green id266,2
66,paper river green river orange table table cloud green apple paper table id267,3
67,stone table apple cloud table table cloud cloud orange table river green id268,0
67,orange table orange river river paper paper green table table river orange id269,1
67,table paper table paper paper paper cloud orange paper orange stone river id270,2
67,orange orange cloud cloud green cloud green apple table table orange apple id271,3
68,cloud orange table orange paper paper cloud river apple orange river paper id272,0
68,green apple paper river stone cloud green table cloud river apple green id273,1
68,stone cloud cloud orange stone green stone orange paper river green orange id274,2
68,cloud orange table orange table apple apple stone orange green paper cloud id275,3
69,cloud table orange green cloud green cloud river river cloud green cloud id276,0
69,table paper orange table green apple table table cloud river orange apple id277,1
69,stone stone orange cloud cloud green orange cloud table apple stone stone id278,2
69,cloud stone paper river river table orange cloud orange river stone orange id279,3
70,cloud paper table paper orange orange apple apple orange river apple green id280,0
70,stone orange cloud table orange table green paper apple apple stone cloud id281,1
70,paper cloud paper stone stone river green apple cloud table apple orange id282,2
70,river river orange paper stone river paper orange paper river table stone id283,3
71,green river apple orange apple paper orange cloud river apple cloud green id284,0
71,cloud table orange table river paper orange table river table cloud table id285,1
71,river table apple table orange river river cloud stone cloud stone river id286,2
71,apple paper apple apple green river green green orange cloud cloud river id287,3
72,orange cloud paper green paper orange orange stone table paper paper table id288,0
72,orange table orange table table river orange stone cloud apple orange river id289,1
72,orange orange stone green apple cloud cloud stone paper table stone green id290,2
72,cloud apple stone stone orange apple green table orange stone green stone id291,3
73,river stone paper paper stone river river apple paper table cloud apple id292,0
73,cloud stone apple apple cloud cloud river river green apple stone table id293,1
73,cloud apple river stone cloud orange river cloud cloud paper table paper id294,2
73,stone cloud river paper stone stone river green apple cloud table stone id295,3
74,orange stone paper cloud paper apple river paper apple orange stone river id296,0
74,orange green orange cloud apple stone apple cloud apple river orange apple id297,1
74,river cloud cloud stone river river paper table table stone river apple id298,2
74,stone cloud cloud paper green apple stone stone apple paper river river id299,3
75,paper green table green river orange cloud cloud green table apple river id300,0
75,stone cloud table river apple stone green stone paper cloud table orange id301,1
75,paper table apple cloud cloud cloud green stone river cloud cloud green id302,2
75,paper stone green cloud river paper apple apple apple orange paper paper id303,3
76,cloud paper apple stone green orange apple stone table cloud paper green id304,0
76,river river cloud apple green table orange orange river paper paper apple id305,1
76,paper stone table river green cloud river paper green stone orange orange id306,2
76,paper cloud river table stone paper orange cloud river paper table paper id307,3
77,river table paper stone apple table cloud orange paper orange orange cloud id308,0
77,apple green apple green green green paper apple table stone cloud stone id309,1
77,apple apple river stone orange green apple river paper paper apple table id310,2
77,green orange apple paper green green cloud apple stone paper paper orange id311,3
78,table stone apple cloud table paper cloud paper cloud cloud cloud table id312,0
78,paper cloud table apple green river table cloud table apple table paper id313,1
78,green table paper green green cloud orange cloud river paper green table id314,2
78,orange green paper table stone green table stone stone cloud river green id315,3
79,apple orange orange apple cloud stone river table orange river cloud paper id316,0
79,table paper apple orange cloud stone table apple paper green apple orange id317,1
79,green stone orange orange river green river table table green river green id318,2
79,cloud stone stone paper river orange stone stone paper apple river paper id319,3
80,cloud table table paper orange cloud paper table green paper cloud apple id320,0
80,orange cloud cloud table stone paper orange cloud stone paper apple river id321,1
80,apple cloud orange green river orange green stone cloud stone orange cloud id322,2
80,cloud orange orange orange table table green paper cloud stone river table id323,3
81,cloud stone river river orange river stone paper stone cloud orange green id324,0
81,table table apple river apple paper cloud orange orange river cloud cloud id325,1
81,apple paper cloud stone paper paper orange green table cloud orange table id326,2
81,paper river cloud table cloud river green river paper table paper apple id327,3
82,paper table paper orange paper orange apple stone table stone green orange id328,0
82,river stone paper table table paper river cloud river green cloud stone id329,1
82,stone green paper green table paper cloud cloud river paper paper apple id330,2
82,paper river stone river river cloud stone stone orange apple green cloud id331,3
83,orange green stone orange cloud paper river table river river table paper id332,0
83,table apple paper apple green river stone table table stone table orange id333,1
83,table green table green table orange table orange orange cloud river apple id334,2
83,green river cloud paper table orange river paper green apple table stone id335,3
84,table table apple stone river green table green apple paper river orange id336,0
84,cloud orange apple river stone green paper cloud paper apple orange river id337,1
84,orange table orange cloud apple paper table apple table apple stone stone id338,2
84,table cloud orange green paper river table river stone table orange paper id339,3
85,green apple stone paper cloud stone stone green table cloud cloud river id340,0
85,apple river stone cloud river paper green apple cloud paper cloud orange id341,1
85,green apple river apple paper orange river orange river cloud orange paper id342,2
85,cloud river apple table green apple orange orange river apple river river id343,3
86,river paper river green paper orange table orange apple green cloud river id344,0
86,river orange stone apple cloud cloud table table orange apple green apple id345,1
86,paper orange stone orange orange cloud paper table river river green green id346,2
86,cloud green river stone apple apple cloud stone river stone cloud cloud id347,3
87,apple orange paper paper river orange table cloud paper green paper stone id348,0
87,paper apple green table river apple river paper orange paper stone apple id349,1
87,table orange orange orange river river table green cloud orange river cloud id350,2
87,apple green orange stone river orange apple green stone apple table apple id351,3
88,green paper table orange cloud paper river green cloud green cloud green id352,0
88,cloud orange river cloud apple table apple table paper orange green river id353,1
88,paper apple river apple cloud river river paper green orange green orange id354,2
88,paper table paper apple stone table river paper orange green cloud orange id355,3
89,paper cloud river river paper orange cloud table river cloud paper cloud id356,0
89,stone orange apple cloud cloud green stone cloud river paper green cloud id357,1
89,orange table stone stone cloud orange green orange cloud cloud apple paper id358,2
89,green table green stone paper stone table orange green paper orange green id359,3
90,table orange green apple apple stone cloud paper apple river apple river id360,0
90,stone green apple paper stone river green stone cloud cloud green stone id361,1
90,stone paper cloud table river cloud stone apple river apple river orange id362,2
90,cloud paper green stone cloud cloud apple stone paper cloud river stone id363,3
91,green stone cloud river green paper apple orange apple orange stone paper id364,0
91,green green river green stone cloud cloud paper green stone apple river id365,1
91,orange paper stone cloud cloud river orange river stone green orange cloud id366,2
91,orange river river apple river cloud apple paper cloud apple stone table id367,3
92,orange green paper apple cloud cloud green stone apple stone table paper id368,0
92,stone river river paper table table cloud river paper table apple stone id369,1
92,apple stone orange table table apple table stone stone stone orange green id370,2
92,paper river stone green table orange green table stone cloud paper river id371,3
93,table cloud river apple green cloud stone stone cloud apple orange orange id372,0
93,cloud paper apple table river green apple river river orange table orange id373,1
93,river orange green table table stone orange paper cloud green orange orange id374,2
93,table cloud cloud stone cloud orange orange stone table cloud apple stone id375,3
94,table apple apple green table apple stone river table paper table apple id376,0
94,orange table orange river green paper river apple table cloud green paper id377,1
94,stone orange stone orange stone stone river apple apple orange cloud orange id378,2
94,paper orange table orange orange apple apple apple green paper paper green id379,3
95,stone cloud river apple river green paper apple paper orange river cloud id380,0
95,orange paper paper apple apple table river apple table paper green green id381,1
95,green river orange stone apple orange table cloud river paper table table id382,2
95,stone stone apple cloud cloud stone apple apple paper orange table cloud id383,3
96,apple table green orange cloud apple cloud river stone apple paper orange id384,0
96,table river apple table paper cloud paper river cloud stone green green id385,1
96,green orange green orange river paper apple cloud cloud apple paper table id386,2
96,orange river stone apple orange stone paper orange stone table cloud river id387,3
97,orange paper apple green green river green stone paper stone green stone id388,0
97,stone paper table green table cloud green orange paper river green green id389,1
97,green apple orange apple orange orange cloud cloud cloud orange river paper id390,2
97,cloud paper stone green apple paper paper orange stone stone table stone id391,3
98,green apple green cloud orange table orange cloud paper river river paper id392,0
98,orange apple table river stone paper paper river orange cloud green stone id393,1
98,paper paper river table green river orange cloud stone stone green paper id394,2
98,stone apple river orange river table stone orange table cloud table river id395,3
99,paper apple river cloud table paper orange stone orange orange river orange id396,0
99,table river paper cloud stone stone paper stone cloud table river paper id397,1
99,table stone river stone river cloud stone orange table table cloud table id398,2
99,river table green cloud cloud apple stone paper stone orange stone paper id399,3
