row_position,group,split
0,0,test
1,0,test
2,0,test
3,0,test
4,4,validation
5,4,validation
6,4,validation
7,4,validation
8,8,validation
9,8,validation
10,8,validation
11,8,validation
12,12,train
13,12,train
14,12,train
15,12,train
16,16,test
17,16,test
18,16,test
19,16,test
20,20,train
21,20,train
22,20,train
23,20,train
24,24,train
25,24,train
26,24,train
27,24,train
28,28,validation
29,28,validation
30,28,validation
31,28,validation
32,32,validation
33,32,validation
34,32,validation
35,32,validation
36,36,train
37,36,train
38,36,train
39,36,train
40,40,test
41,40,test
42,40,test
43,40,test
44,44,validation
45,44,validation
46,44,validation
47,44,validation
48,48,test
49,48,test
50,48,test
51,48,test
52,52,train
53,52,train
54,52,train
55,52,train
56,56,train
57,56,train
58,56,train
59,56,train
60,60,train
61,60,train
62,60,train
63,60,train
64,64,train
65,64,train
66,64,train
67,64,train
68,68,validation
69,68,validation
70,68,validation
71,68,validation
72,72,test
73,72,test
74,72,test
75,72,test
76,76,train
77,76,train
78,76,train
79,76,train
80,80,validation
81,80,validation
82,80,validation
83,80,validation
84,84,train
85,84,train
86,84,train
87,84,train
88,88,test
89,88,test
90,88,test
91,88,test
92,92,train
93,92,train
94,92,train
95,92,train
96,96,train
97,96,train
98,96,train
99,96,train
100,100,train
101,100,train
102,100,train
103,100,train
104,104,train
105,104,train
106,104,train
107,104,train
108,108,train
109,108,train
110,108,train
111,108,train
112,112,train
113,112,train
114,112,train
115,112,train
116,116,validation
117,116,validation
118,116,validation
119,116,validation
120,120,test
121,120,test
122,120,test
123,120,test
124,124,test
125,124,test
126,124,test
127,124,test
128,128,train
129,128,train
130,128,train
131,128,train
132,132,test
133,132,test
134,132,test
135,132,test
136,136,train
137,136,train
138,136,train
139,136,train
140,140,train
141,140,train
142,140,train
143,140,train
144,144,train
145,144,train
146,144,train
147,144,train
148,148,train
149,148,train
150,148,train
151,148,train
152,152,train
153,152,train
154,152,train
155,152,train
156,156,test
157,156,test
158,156,test
159,156,test
160,160,train
161,160,train
162,160,train
163,160,train
164,164,validation
165,164,validation
166,164,validation
167,164,validation
168,168,train
169,168,train
170,168,train
171,168,train
172,172,train
173,172,train
174,172,train
175,172,train
176,176,test
177,176,test
178,176,test
179,176,test
180,180,test
181,180,test
182,180,test
183,180,test
184,184,train
185,184,train
186,184,train
187,184,train
188,188,train
189,188,train
190,188,train
191,188,train
192,192,train
193,192,train
194,192,train
195,192,train
196,196,train
197,196,train
198,196,train
199,196,train
200,200,validation
201,200,validation
202,200,validation
203,200,validation
204,204,validation
205,204,validation
206,204,validation
207,204,validation
208,208,train
209,208,train
210,208,train
211,208,train
212,212,test
213,212,test
214,212,test
215,212,test
216,216,validation
217,216,validation
218,216,validation
219,216,validation
220,220,train
221,220,train
222,220,train
223,220,train
224,224,train
225,224,train
226,224,train
227,224,train
228,228,train
229,228,train
230,228,train
231,228,train
232,232,validation
233,232,validation
234,232,validation
235,232,validation
236,236,train
237,236,train
238,236,train
239,236,train
240,240,train
241,240,train
242,240,train
243,240,train
244,244,train
245,244,train
246,244,train
247,244,train
248,248,train
249,248,train
250,248,train
251,248,train
252,252,train
253,252,train
254,252,train
255,252,train
256,256,train
257,256,train
258,256,train
259,256,train
260,260,train
261,260,train
262,260,train
263,260,train
264,264,train
265,264,train
266,264,train
267,264,train
268,268,validation
269,268,validation
270,268,validation
271,268,validation
272,272,validation
273,272,validation
274,272,validation
275,272,validation
276,276,validation
277,276,validation
278,276,validation
279,276,validation
280,280,test
281,280,test
282,280,test
283,280,test
284,284,train
285,284,train
286,284,train
287,284,train
288,288,train
289,288,train
290,288,train
291,288,train
292,292,test
293,292,test
294,292,test
295,292,test
296,296,train
297,296,train
298,296,train
299,296,train
300,300,train
301,300,train
302,300,train
303,300,train
304,304,test
305,304,test
306,304,test
307,304,test
308,308,test
309,308,test
310,308,test
311,308,test
312,312,train
313,312,train
314,312,train
315,312,train
316,316,train
317,316,train
318,316,train
319,316,train
320,320,test
321,320,test
322,320,test
323,320,test
324,324,validation
325,324,validation
326,324,validation
327,324,validation
328,328,train
329,328,train
330,328,train
331,328,train
332,332,test
333,332,test
334,332,test
335,332,test
336,336,train
337,336,train
338,336,train
339,336,train
340,340,train
341,340,train
342,340,train
343,340,train
344,344,train
345,344,train
346,344,train
347,344,train
348,348,train
349,348,train
350,348,train
351,348,train
352,352,validation
353,352,validation
354,352,validation
355,352,validation
356,356,train
357,356,train
358,356,train
359,356,train
360,360,test
361,360,test
362,360,test
363,360,test
364,364,train
365,364,train
366,364,train
367,364,train
368,368,validation
369,368,validation
370,368,validation
371,368,validation
372,372,train
373,372,train
374,372,train
375,372,train
376,376,validation
377,376,validation
378,376,validation
379,376,validation
380,380,train
381,380,train
382,380,train
383,380,train
384,384,train
385,384,train
386,384,train
387,384,train
388,388,train
389,388,train
390,388,train
391,388,train
392,392,train
393,392,train
394,392,train
395,392,train
396,396,train
397,396,train
398,396,train
399,396,train
